country_code,name,1950,1955,1960,1965,1970,1975,1980,1985,1990,1995,2000,2005,2010,2015,2020
900000,World,2536431017.9999995,2773019915,3034949715,3339583510.0000005,3700437041.9999995,4079480474,4458003466,4870921665.999999,5327231040.999999,5744212930,6143493806.000001,6541906955.999999,6956823588,7379796966.999999,7794798729
947000,Sub-Saharan Africa,179006529.99999997,197489512,220137978,247830918.99999994,280908111.00000006,321200537,369613669.0000001,425840824,490604852,560759472,639661386,729733003,836363757,958577201.0000001,1094365605
1833000,Northern Africa and Western Asia,100239140.00000001,113425337,129301678.99999999,147821732.99999997,168730175.00000006,192351448.99999997,220224392,253469194,288060443,323178116.99999994,355881668,391985542.99999994,435366790,481520014.99999994,525869281.9999999
921000,Central and Southern Asia,510788120.0000001,558665566.0000001,619067700,691686855,775436811,870180427.0000001,980358988.0000001,1105791297.0000002,1239984308.0000002,1376199571,1511915309.9999995,1647073788.9999998,1775360533.0000002,1896327293,2014708531
1832000,Eastern and South-Eastern Asia,842669339,932210416.0000001,1019894871.0000001,1127782030,1280852786.0000002,1432113687.0000002,1555767503,1684698035,1837799003.9999998,1950219949.9999998,2044789219.9999998,2125348402.0000007,2201806674.0000005,2279489615.9999995,2346709481
1830000,Latin America and the Caribbean,168820523.99999997,192727225,220469724,252455927,286675705,322777147,361253181,402023662,442840078.0000001,483018226,521836322.00000006,557500980.9999999,591352345,623934125.9999998,653962331.9999999
927000,Australia/New Zealand,10085359,11302088.000000004,12614669.000000002,13939835.000000002,15611420.999999998,16855912,17735010.000000004,18931906.000000004,20358775,21668023,22850426.000000004,24313895.999999993,26524747.000000004,28547025.999999996,30322113.999999996
1835000,Oceania (excluding Australia and New Zealand),2890536,3090601.999999999,3406963.0000000005,3828858.9999999995,4310804,4854363,5477074.000000001,6219134.999999998,6939919,7721606.000000002,8574660.999999998,9376317,10348321.999999998,11311666.999999998,12355695.000000002
1829000,Europe and Northern America,721931470,764109169,810056130.9999998,854237352,887911229,919146952.0000001,947573649,973947612.9999999,1000643662,1021447965.0000001,1037984813.0000001,1056575024.9999999,1079700420,1100090022.9999998,1116505688.9999998
903000,Africa,227794137,252748917.00000003,283361171.00000006,320147295.00000006,363447593,414674675.99999994,476386225,548626140.0000001,630349684.9999999,717270111.9999998,810984232.0000001,916154285.0000001,1039304030,1182438803.0000002,1340598113.0000005
935000,Asia,1404908992,1549041913.9999998,1705041057,1894974242,2142480290.0000005,2401171424,2649578326.9999995,2921173210,3226098922,3493086997.9999995,3741263352.000001,3977986452.0000005,4209593723.9999995,4433475322.000001,4641054786
908000,Europe,549328858.9999999,576678764.0000001,605406966,634783190.9999999,656919369.9999999,676895456.9999999,693566516.0000001,707584186.0000001,720858410.9999999,726994433,725558027.9999999,729287880.9999999,736412998,743058978.0000001,747636045
904000,Latin America and the Caribbean,168820523.99999997,192727225,220469724,252455927,286675705,322777147,361253181,402023662,442840078.0000001,483018226,521836322.00000006,557500980.9999999,591352345,623934125.9999998,653962331.9999999
905000,Northern America,172602610.99999997,187430405,204649165.00000003,219454161.00000003,230991859,242251495,254007133.00000003,266363427.00000003,279785250.99999994,294453532,312426785.00000006,327287144,343287422,357031045.00000006,368869644
909000,Oceania,12975895,14392690,16021632.000000002,17768694,19922225,21710274.999999996,23212084,25151040.999999996,27298694.000000004,29389629,31425087,33690212.99999999,36873069,39858693,42677808.99999999
901000,More developed regions,814818913,864429512.0000001,916344412,966624193.9999999,1008451909.9999999,1048416226.0000002,1083125601,1114763001.9999998,1145507680,1169481474,1188359407.0000002,1209215036.0000002,1234767515.9999995,1256622188,1273304261.0000005
902000,Less developed regions,1721612105,1908590403,2118605302.9999998,2372959315.9999995,2691985131.9999995,3031064248.0000005,3374877864.9999995,3756158664,4181723360.9999995,4574731455.999999,4955134399,5332691920.000001,5722056072.000001,6123174778.999999,6521494467.999999
941000,Least developed countries,195427784.99999997,215486293,240518397,270720935,306916897.99999994,345242741.00000006,390612543.99999994,443491299,506275626,579681702,657215853.9999999,744190509.0000001,836614840.9999998,941131317,1057438163.0000001
934000,Other less developed countries,1526184319.9999998,1693104109.9999998,1878086906.0000002,2102238380.9999995,2385068234.0000005,2685821507,2984265321.0000005,3312667364.9999995,3675447735,3995049753.9999995,4297918545,4588501411.000002,4885441230.999999,5182043461.999999,5464056305
948000,"Less developed regions, excluding China",1157420006,1284496755.9999995,1444107258.9999995,1632168748.0000002,1845364170,2083907835.9999993,2351776348.9999995,2655695386,2978289405.9999995,3305985141,3635583003.9999995,3971957379,4322553373.000002,4684981353.000001,5050207589.000002
1636000,Land-locked Developing Countries (LLDC),103803462,115488177,130210231.99999999,147627743.00000003,167054846.00000003,188250846.0000001,209112911.99999994,234235215.99999997,265852001.99999997,298698476.99999994,333947033,374684857.99999994,420661371,473816858,533143398.00000006
1637000,Small Island Developing States (SIDS),23771120,26248781.000000004,29188016.000000004,32595494,35868046,39260210.99999999,42471239,46031701.99999999,49807705,53802264.00000001,57613590.999999985,61044547.999999985,65253137,68855520,72076098
1503000,High-income countries,694989106,738928605,787158229.9999998,836545330,880845620.9999999,924282549.0000002,963431384,1001046880,1038455421,1075966453,1112318334.0000002,1151594876,1197095041.0000002,1233934650,1263092934
1517000,Middle-income countries,1703596496.0000002,1883962076,2080780919,2315967485,2607460629.0000005,2914555439,3221987819,3561445875,3936198975.0000005,4261803632,4567891009,4860123817.000002,5153738177.999999,5460515586.999999,5753051615
1502000,Upper-middle-income countries,938930867.0000001,1042795683.0000002,1144055207,1265536210.0000002,1428300048,1589857226.9999998,1731254574,1881154742.0000002,2056240366,2181157417.9999995,2285144582,2376344606.9999995,2466363506,2566519306,2654816331
1501000,Lower-middle-income countries,764665629,841166392.9999999,936725712,1050431274.9999999,1179160580.9999998,1324698212.0000002,1490733244.9999998,1680291133,1879958609.0000002,2080646214.0000002,2282746426.999999,2483779210.0000005,2687374671.9999995,2893996280.9999995,3098235284
1500000,Low-income countries,137041865.00000003,149213767,165954459,185870726.00000003,210778276,239242401,271057725.9999999,306762094,350700961,404386607.9999999,461020981,527685617.9999999,603339579.0000001,682575699,775710611.9999999
1518000,No income group available,803550.9999999999,915467,1056107.0000000005,1199969,1352515.9999999998,1400085,1526537,1666817,1875684.0000000002,2056237,2263482,2502645.0000000005,2650790,2771031.0000000005,2943568
910000,Eastern Africa,66144565,73975375.99999999,83558158.99999999,95372726,109682256,126465038,146488368.00000003,169887493.00000003,197168372,223934244,257353350.99999994,295185413.00000006,339317850,389671295,445405578
108000,Burundi,2308926.9999999995,2537150,2797925,3094377.9999999995,3479070,3700878.999999999,4157296.0000000005,4750832,5438959,5987044.000000001,6378870.999999999,7364857,8675606.000000002,10160034,11890781
174000,Comoros,159458.99999999997,175906,191122,207429.00000000003,230055,257284.99999999997,307830.99999999994,355337.0000000001,411598,475394,542358,611625,689695.9999999999,777435,869595
262000,Djibouti,62000.000000000015,69593.00000000001,83634,114976,159662,224177.00000000003,358960.00000000006,425608,590393,630384.9999999998,717577,783247.9999999998,840194.0000000001,913998,988002.0000000001
232000,Eritrea,822346.9999999998,899745.9999999999,1007586,1148187.9999999998,1310946.9999999998,1505437.9999999998,1733422.9999999998,2003942,2258649,2204227,2292412.9999999995,2826653.0000000005,3170437,3342818,3546427
231000,Ethiopia,18128030.000000004,19947291,22151284,25013634,28415079.999999996,32566854.999999996,35141703,40652145.99999999,47887864,57047906,66224808.99999999,76346310.00000001,87639962.00000001,100835453.00000001,114963583.00000001
404000,Kenya,6076757.000000001,6987658.000000001,8120082,9530163,11301394,13575897.999999998,16417203.000000006,19877078.000000004,23724574.000000004,27768297,31964557,36624897,42030684.00000001,47878339.00000002,53771299.99999999
450000,Madagascar,4083548,4543540.000000001,5099367.999999998,5769215.000000001,6576305.000000002,7556032,8716549,10063492.999999998,11598647,13475403.000000002,15766805.999999998,18336721.999999996,21151640,24234080,27691019
454000,Malawi,2953871.0000000005,3270545,3659979.9999999995,4134464.000000001,4703782.999999999,5384798.000000001,6250433.999999999,7268271.000000001,9404499,9844418,11148751,12625950.000000002,14539609.000000004,16745305,19129955
480000,Mauritius,493257.99999999994,570649.9999999999,660025.0000000001,753282.9999999999,826450.9999999999,892218.9999999999,966039,1015763.9999999999,1055868.9999999998,1128675.9999999995,1185147,1222010.0000000002,1247952.9999999998,1259456.9999999998,1271766.9999999998
175000,Mayotte,15138.000000000002,18994,24016,30520.000000000004,36964,45479.99999999999,55136,72108,94779,123186,150331,178103.00000000003,208716,240011,272813
508000,Mozambique,5958982,6508400,7184870,8039217.000000001,9022747,10165216,11630194,12764385,12987291.999999998,15483277,17711925.000000004,20493926.999999996,23531567.000000004,27042001.000000004,31255434.999999996
638000,Reunion,248114.00000000003,291662.9999999999,335694,390773,462029.00000000006,484784.99999999994,509263.99999999994,558704.0000000002,610584.0000000001,673543.0000000001,736714,791598,830507.0000000001,863358.9999999999,895308
646000,Rwanda,2186183,2527292.9999999995,2935574.9999999995,3235536,3757350.9999999995,4364709.000000001,5153314,6146884.000000002,7288882.999999999,5836489.999999999,7933687.999999998,8840220.000000002,10039338.000000002,11369065.999999998,12952208.999999998
690000,Seychelles,36325,38962.99999999999,41611.00000000001,46787.00000000002,52370.99999999999,59584.00000000001,66237.00000000001,69771.99999999999,70571.99999999999,76653,80998,88652.00000000001,91273,94981.00000000003,98340
706000,Somalia,2264076,2491543,2755966.9999999995,3068465.0000000005,3444568.9999999995,3880284.9999999995,6281137.999999999,6648628.000000001,7225089.000000002,7491647,8872250.000000002,10446856,12043885.999999998,13797204.000000002,15893219
728000,South Sudan,2482305.9999999995,2619718,2842718,3133154.9999999995,3494010.9999999995,3941612.9999999995,4502603,5220748,5492620.000000001,5118084.000000001,6199396.000000001,7535931.000000001,9508372.000000004,10715657,11193729
800000,Uganda,5158190.999999999,5888790.999999999,6767091.999999999,7986062,9405606.000000004,10737403.000000002,12442333.000000002,14559357.000000004,17354395.000000004,20413157.000000004,23650159,27684590,32428164.000000004,38225447,45741000
834000,United Republic of Tanzania,7649764.999999999,8729667,10052151,11634837.000000002,13535487.000000002,15885228.000000004,18538263.000000007,21633799.000000007,25203848.000000004,29649128.00000001,33499177.000000004,38450323.00000001,44346531.99999999,51482638.00000001,59734213
894000,Zambia,2310436.0000000005,2644976,3070780,3570466.0000000005,4179061.999999999,4943278.999999999,5851818.000000001,6923148,8036848.999999999,9096608,10415941.999999996,11856243.999999998,13605986,15879369.999999998,18383956.000000007
716000,Zimbabwe,2746851.999999999,3213288.9999999995,3776679,4471178,5289312,6293875.000000002,7408629.999999999,8877489.000000002,10432409,11410721.000000002,11881482.000000004,12076697,12697728.000000002,13814642.000000004,14862927.000000004
911000,Middle Africa,26453755,29098322.999999993,32222194.000000004,35893208,40170678.99999999,45948711,52885376,60890047.99999999,70855116.00000001,83775178.99999999,96115549,112008239.99999997,131622131,154203227,179595124.99999994
24000,Angola,4548020.999999999,5043251,5454937.999999999,5770573,5890359.999999999,7023993.999999999,8341290.000000001,9961993.000000002,11848385,13945204.999999994,16395476.999999998,19433604.000000004,23356247,27884380.000000004,32866267.99999999
120000,Cameroon,4307021.000000001,4707000,5176920,5773538,6519753.999999999,7451057.000000001,8621409,10070806,11780086,13599984.000000004,15513944.000000004,17733408.000000007,20341236.000000004,23298375.999999996,26545863.999999996
140000,Central African Republic,1326659.9999999998,1401337,1501668.0000000005,1639705.9999999998,1811156.9999999998,1958366.9999999998,2199359.000000001,2542169.9999999995,2806740,3222662.0000000005,3640421.0000000005,4038379.999999999,4386765,4493171,4829764
148000,Chad,2502321.0000000005,2735205,3001604.0000000005,3309583.0000000005,3643608,4088568,4514427.000000002,5095400,5963250,7010159,8355654.000000002,10096630.000000002,11952133.999999998,14110971.000000004,16425859
178000,Congo,827246.0000000001,911032.9999999999,1018253.9999999999,1155389,1326894.0000000002,1536658.0000000005,1777932,2054308.0000000005,2356739.9999999995,2707532,3127419.9999999995,3622774.9999999986,4273737.999999999,4856092.999999999,5518091.999999999
180000,Dem. Republic of the Congo,12183662,13517516,15248256,17369881.999999996,20011033.000000004,22903587,26358905,29881222,34612023,41576239,47105830,54785894,64563853,76244532,89561404.00000001
226000,Equatorial Guinea,225530,239866,255337.99999999997,276296,303986,255808,249930.99999999997,352116.00000000006,419188.0000000001,496768,606180.0000000001,749527,943640.0000000001,1168574.9999999998,1402985.0000000002
266000,Gabon,473296.00000000006,484308,500922,533357,589317,647538,726335,827106.9999999998,949492.9999999999,1084950.9999999998,1228359,1390550.0000000002,1624146.0000000002,1947690,2225728
678000,Sao Tome and Principe,59998.00000000002,58806.99999999999,64293.999999999985,64884,74570.00000000001,83134,95788,104926,119211.00000000001,131678.99999999997,142264,157472,180371.99999999997,199439.00000000003,219161.00000000003
913000,Southern Africa,15533036,17307489.999999996,19410549.000000004,21957654.000000004,24975152,28545009,32440464.000000004,37171819,42046342.00000001,47358234.00000001,51443866,54644678,58383365.99999999,62985035,67503646.99999999
72000,Botswana,412541.00000000006,463353.00000000006,502732.99999999994,559995.9999999999,627714.0000000001,741345.9999999998,897859.9999999999,1069585.0000000002,1286755.9999999998,1469173,1643333,1799076.9999999998,1987105.9999999998,2120716,2351625
748000,Eswatini,272996.99999999994,303027,336578,373925,431251.0000000001,499758.99999999994,587852.0000000001,699077,822423,926836,1005432,1030575,1064841,1104038,1160163.9999999998
426000,Lesotho,704685.9999999999,766762.9999999999,837263.9999999999,922307.0000000001,1028930.0000000001,1160794.9999999998,1340258.0000000002,1526132,1703756.9999999995,1898598,2032804.9999999995,1996115.0000000002,1995574.9999999998,2059011,2142252.0000000005
516000,Namibia,514377.99999999994,567846,634137.9999999999,716588.0000000001,817473.9999999999,947925,1057723.0000000002,1198149,1432899,1627865.9999999998,1794583,1938315.9999999998,2118876.9999999995,2314901,2540916
710000,South Africa,13628434.000000002,15206500.999999998,17099836.000000004,19384838,22069783,25195184,28556771.000000007,32678876.000000004,36800507,41435761,44967713,47880595.00000001,51216967,55386369.00000001,59308690
914000,Western Africa,70875174,77108323,84947076.00000001,94607330.99999997,106080024,120241779.00000001,137799460.99999994,157891463.99999997,180535022,205691815,234748620,267894672.00000003,307040410,351717644,401861255
204000,Benin,2255222,2303592.0000000005,2431617,2632361,2912338,3265167,3717160.9999999995,4278502,4978489,5905552.000000001,6865946,7982223,9199254,10575962.000000002,12123198.000000004
854000,Burkina Faso,4284454.999999999,4517155.000000001,4829289.000000001,5174874.000000001,5624592.000000001,6154554,6822837.000000001,7727907.999999999,8811033,10089880.000000002,11607951.000000002,13421935.000000002,15605210.999999996,18110616.000000004,20903278
132000,Cabo Verde,178063.99999999997,197193,201769.99999999997,230421.00000000003,268633.00000000006,270240,283847.99999999994,311667.9999999999,337953,386288,428178,463034,492644,524740,555988
384000,Cote d'Ivoire,2630130.9999999995,3004420.9999999995,3503558.999999999,4226842.999999999,5102070.000000002,6412409,8033652.000000002,9918204.000000002,11924873.000000002,14199759.000000002,16454659.999999996,18354513,20532943.999999996,23226148,26378275
270000,Gambia,304895,329661.99999999994,365049,405258.00000000006,464404,539985,637252,755790.9999999999,955594.9999999998,1128577,1317708,1543745,1793199,2085859.9999999998,2416663.9999999995
288000,Ghana,5036151,5730592.000000001,6635228.999999999,7739463,8735493,9985946,11056112,12783617.000000002,14773273.999999998,17014058,19278850.000000007,21814648,24779614,27849203,31072945
324000,Guinea,3012938,3229642.999999999,3494164.0000000005,3801710.9999999995,4154606,4491248,4871446,5470715.999999998,6352281.999999999,7269630.999999997,8240735.000000001,9109585,10192168.000000002,11432095.999999998,13132791.999999998
624000,Guinea-Bissau,535438.0000000001,576131,616140,649795.0000000001,704937,765984.9999999999,781678,872162.9999999999,975265.0000000001,1088850,1201305.0000000002,1344931,1522603,1737207,1967998.0000000005
430000,Liberia,930021.9999999999,1011366.9999999999,1118655.0000000002,1245103.9999999998,1400730,1600454.0000000002,1852991,2145756.0000000005,2075917.0000000005,2044657,2848447,3218113.9999999995,3891357,4472228.999999999,5057677
466000,Mali,4708425.000000001,4975400.000000001,5263727.000000001,5568495,5949042,6482282,7090124,7831887.999999998,8449914.999999998,9585660,10946448,12775508.999999998,15049351.999999998,17438772.000000004,20250834
478000,Mauritania,651434,738295.0000000001,850377,985906.9999999999,1146776.0000000002,1330594,1540643.9999999998,1780033,2034346.9999999998,2313630,2630216.9999999995,3024197.9999999995,3494200,4046304,4649660
562000,Niger,2559706.0000000005,2955536,3388773.9999999995,3914117.9999999995,4510645,5184940,5989000,6915993.999999999,8026592.000000001,9490289,11331561,13624474,16464025.000000002,20001663,24206636
566000,Nigeria,37859750,41086100.00000001,45138460.00000001,50127920.00000001,55982141.99999999,63374289.00000001,73423646.00000001,83562776,95212454.00000003,107948339,122283853,138865014.00000003,158503203.00000003,181137454,206139587
686000,Senegal,2486642,2808238.9999999995,3206756.9999999995,3682879.000000001,4257508.000000001,4929846.000000001,5583156.999999999,6471328.999999999,7526305.999999999,8690154.999999998,9797731,11090123,12678143,14578449.999999998,16743930
694000,Sierra Leone,2041200.9999999995,2165816,2317638,2508226.0000000005,2744890.0000000014,3037157.9999999995,3388494.0000000005,3805303.999999999,4319762.999999999,4303953.000000001,4584570,5645629.000000001,6415636,7171909,7976984.999999999
768000,Togo,1395451,1473834.9999999998,1580507.9999999995,1708630.9999999998,2115522,2410451.0000000005,2720835,3252997.0000000005,3774310,4226293,4924406.000000001,5611643,6421673.999999999,7323161.999999998,8278737.000000001
912000,Northern Africa,48787607,55259405.00000001,63223193,72316376.00000001,82539482.00000001,93474139.00000003,106772556,122785315.99999999,139744833.00000006,156510640,171322846,186421282,202940273,223861601.99999994,246232507.99999997
12000,Algeria,8872249.999999996,9774280.000000002,11057864,12550880.000000002,14464991.999999998,16607705.999999998,19221659,22431506.999999996,25758872,28757787.999999996,31042237.999999996,33149720,35977451,39728020.00000001,43851043.00000001
818000,Egypt,20451988,23223125,26632890.999999996,30433023.999999996,34513850.999999985,38549133,43309063.00000001,49258726,56134478,62334024.99999999,68831561,75523576.00000003,82761244,92442549.00000003,102334402.99999999
434000,Libya,1124518.9999999998,1245355,1448415.9999999998,1733307,2133527,2645136.0000000005,3219462.0000000005,3873781,4436663.000000001,4948796,5357893,5798615.000000002,6197666.999999999,6418315.000000001,6871287
504000,Morocco,8985985.999999998,10502658.000000002,12328532,14230163,16004732,17796171.000000004,19990005.999999993,22499111.000000004,24807460.999999996,26994254.999999996,28793672.000000007,30455563.000000004,32343384,34663607.99999999,36910557.99999999
729000,Sudan,5733789.000000001,6549294,7544498.000000002,8770094.000000002,10281695,12144127.999999998,14507466,17210182.000000004,20147592,24094741,27275019,30949514.000000004,34545013.99999999,38902948.00000001,43849269
788000,Tunisia,3605311.9999999995,3943544.0000000005,4178234.9999999995,4547941,5063805,5656912,6374040,7329589.999999999,8242509.000000002,9125400.000000002,9708347.000000002,10106777.999999998,10635245.000000002,11179951,11818618.000000002
732000,Western Sahara,13762.999999999998,21148.999999999993,32757.000000000004,50967.00000000001,76880,74953,150860,182418.99999999997,217258.00000000003,255635,314116,437515.99999999994,480268,526211,597330
922000,Western Asia,51451533.00000001,58165932,66078486.00000001,75505357,86190693,98877310,113451836.00000001,130683878.00000001,148315610,166667476.99999994,184558822,205564261,232426517,257658413.00000003,279636774
51000,Armenia,1353502,1563512.0000000002,1874119.0000000002,2211316,2525067.000000001,2832751.9999999995,3099759,3335935,3538164,3217349,3069597.0000000005,2981261.9999999995,2877314,2925558.9999999995,2963234.0000000005
31000,Azerbaijan,2927925.9999999995,3329373.0000000005,3895397.9999999995,4592601.000000001,5180032.000000001,5674129.000000001,6150734.999999999,6666447,7242758.000000001,7775418,8122742.999999999,8538610.000000004,9032465,9622740.999999998,10139175
48000,Bahrain,115612.00000000001,133579.99999999997,162428.99999999997,187432.00000000003,212606.99999999997,266539.99999999994,359896.99999999994,419428,495927,563698,664609.9999999999,889156.9999999999,1240864,1371852.9999999998,1701583.0000000002
196000,Cyprus,494017.99999999994,529970,572933,580972,613617.9999999999,649752.9999999999,685407.9999999999,703694.0000000002,766616,855391.0000000001,943288.0000000001,1027657.0000000001,1112617.0000000002,1160986.9999999998,1207360.9999999998
268000,Georgia,3527008.0000000005,3713129,4007723.9999999995,4371526.999999999,4713339.999999999,4873638.000000001,5017826.999999999,5211454,5410400.000000001,4976252,4362184.000000001,4210157.999999999,4099096.0000000005,4024180,3989175
368000,Iraq,5719182.999999999,6502661.000000001,7289753.000000001,8375795,9917978,11684578.999999998,13653348.000000002,15555806.999999996,17419112.999999996,20149342.000000004,23497589,26922278.999999996,29741977.000000007,35572269.00000001,40222503.00000001
376000,Israel,1257967.9999999998,1691873,2060475.9999999998,2490322,2813745.9999999995,3296930.9999999995,3700915.9999999995,4035062,4448348.000000001,5271368,5945948.999999999,6529469.999999999,7346446,7978496,8655541
400000,Jordan,481319.00000000006,682975,933101.9999999999,1173603,1721315,2065916.0000000002,2377996.9999999995,2900054.9999999995,3565888.0000000005,4588842.000000001,5122495.000000001,5765639.000000001,7261541,9266573,10203140.000000002
414000,Kuwait,153102.99999999997,181893.00000000003,269026,472032.00000000006,744444,1021724.9999999999,1368679.9999999998,1735278.0000000002,2095350.0000000005,1605907,2045122.9999999995,2270196,2991884,3835587.9999999995,4270562.999999999
422000,Lebanon,1334617,1532120,1804935,2092373.9999999998,2297435.9999999995,2575746,2588927.999999999,2651992,2803032,3528379,3842774,4698760.999999999,4953064,6532681.000000001,6825442.000000001
512000,Oman,456409.99999999994,495825.00000000006,551734.9999999999,625005.9999999999,723841.9999999999,882038,1154373,1498413.0000000002,1812158.0000000002,2204267.0000000005,2267973,2511254,3041435.0000000005,4267340.999999999,5106622.000000001
634000,Qatar,25005.999999999996,35862.999999999985,47382.99999999999,73631,109520.99999999999,164314,223622,370886.00000000006,476274.9999999999,513446.9999999999,592467,865409.9999999999,1856329,2565707.9999999995,2881060
682000,Saudi Arabia,3121340,3558165.0000000005,4086533.9999999995,4843632,5836387.999999999,7419486,9691470.999999998,13118998,16233786,18638790,20663840.000000004,23816175,27421467.999999993,31717675.999999996,34813867
275000,State of Palestine,931924.9999999999,987751,1069318.0000000002,1191381,1126628.0000000002,1323805,1510717,1759533,2101444.9999999995,2618671,3224009,3577956.0000000005,4055631.9999999995,4529160.000000001,5101415.999999999
760000,Syrian Arab Republic,3413325,3911497.0000000005,4573513.999999999,5373137,6350544,7535715,8930775.999999998,10648633.000000002,12446167.999999998,14345491.000000002,16410847.000000002,18361178,21362541.000000004,17997411,17500657
792000,Turkey,21408398,24270599.000000004,27472339.000000007,30972996,34876295.999999985,39277249.000000015,43975972,49133928,53921758,58486452.99999999,63240196,67903461.00000001,72326992,78529413,84339066.99999999
784000,United Arab Emirates,69594.00000000001,79579.00000000001,92417,149855,234512.00000000006,548295,1019507.0000000001,1366165,1828437.0000000002,2415099,3134067,4588222.000000002,8549998.000000002,9262895.999999998,9890400
887000,Yemen,4661279,4965566.999999999,5315351,5727745,6193379.000000001,6784699.000000001,7941902.999999999,9572170,11709987,14913313.000000002,17409071.000000004,20107416,23154854.000000004,26497881,29825968.000000004
5500000,Central Asia,17449568,20272976.000000004,24321261,28908815.00000001,33211581,37115084.99999999,41088161,45501797.999999985,50122902,53169133,55345848.00000001,58449898,62805087,68479993.99999999,74338926
398000,Kazakhstan,6703000,7932517.000000002,9934564,11841926,13036140,14050226.999999998,14796175.000000004,15665594,16383880.999999998,15839357,14922724.000000002,15402803.000000002,16252273.000000002,17572010.000000004,18776707.000000004
417000,Kyrgyzstan,1740005,1904069.0000000005,2170091,2569448.0000000005,2969857,3291073.9999999995,3610974,3993076.9999999995,4372885,4566096,4920712,5075340,5422297.999999999,5959126,6524191.000000001
762000,Tajikistan,1531507,1794415.9999999998,2087053.0000000002,2487974.9999999995,2930107.999999999,3390941,3905443,4537819.999999999,5283811,5764806.000000001,6216329.000000002,6789318,7527397,8454019.000000004,9537642
795000,Turkmenistan,1210998,1364637.9999999998,1603254,1892596,2195165,2525374.0000000005,2876809,3244024,3683978,4207841,4516128.000000001,4754652,5087211,5565283,6031187.000000002
860000,Uzbekistan,6264058.000000001,7277335.999999999,8526299,10116869.999999998,12080310.999999998,13857469,15898760,18061282.999999996,20398347.000000004,22791032.999999996,24769955,26427784.999999996,28515908.000000004,30929555.999999996,33469199
5501000,Southern Asia,493338552,538392590.0000001,594746439.0000001,662778040.0000001,742225229.9999999,833065342,939270826.9999999,1060289499.0000001,1189861406,1323030437.9999995,1456569461.9999998,1588623891,1712555446,1827847298.9999998,1940369605.0000002
4000,Afghanistan,7752117.000000002,8270992.000000002,8996967,9956318,11173654.000000002,12689164.000000002,13356500,11938204.000000002,12412310.999999998,18110662.000000004,20779956.999999996,25654274,29185511,34413603,38928341
50000,Bangladesh,37894671,42086305,48013505.00000001,55385113.999999985,64232486.00000001,70066310,79639497.99999999,90764179.99999999,103171957,115169932.99999997,127657862.00000003,139035505,147575433,156256287,164689383
64000,Bhutan,176795.99999999997,197458.00000000003,223284.00000000003,253993.00000000006,297307,348395,406882.99999999994,464264,530801,534628.9999999999,591014.0000000001,648743.9999999999,685502,727885,771612.0000000001
356000,India,376325199.99999994,409880606,450547675,499123328,555189797,623102900,698952837,784360011.9999999,873277799.0000001,963922586.0000001,1056575548,1147609924,1234281163.0000005,1310152392,1380004385
364000,Iran (Islamic Republic of),17119261.999999996,19294136,21906909,24954864.999999996,28513872,32729772,38650244.00000001,47347197,56366211.999999985,61442657.99999999,65623397,69762345,73762519,78492208,83992953
462000,Maldives,73716.00000000001,79704.00000000001,89873.00000000001,102710.00000000001,115688.00000000001,136418,158271,189540.00000000003,223159,254144,279395.99999999994,319604.00000000006,365730,454914,540541.9999999999
524000,Nepal,8483322,9316916.000000002,10105059.999999998,10972912,12074628,13420366.999999998,15016408,16858315.000000004,18905480.000000004,21576074,23941099,25744500,27013206.999999996,27015033.000000004,29136807.999999996
586000,Pakistan,37542369.99999999,40488031.99999999,44988690,50917974.99999999,58142061.99999999,66816875.000000015,78054346.00000001,92191505,107647918,123776834.99999999,142343583.00000003,160304006.99999997,179424642.99999997,199426953,220892331
144000,Sri Lanka,7971098,8778441,9874475.999999998,11110825,12485736,13755141,15035839.999999998,16176282.000000004,17325768.999999996,18242916.999999993,18777606.000000004,19544988,20261738,20908023.999999996,21413250
906000,Eastern Asia,677535239,745568562.0000001,805880879.9999999,881787776.9999999,999435111,1112702814.0000002,1198125828.9999998,1283950281.9999998,1393334810,1464564639.0000005,1519781295.0000005,1564192321,1604859428,1645183917.0000005,1678089626.9999998
156000,China,554419268.9999999,612241551.9999998,660408053.9999999,724218970,827601385,926240889,1000089227.9999999,1075589363,1176883681.0000002,1240920539,1290550767,1330776380.0000002,1368810604,1406847867.9999998,1439323773.9999998
344000,"China, Hong Kong SAR",1974002,2472665,3046048.0000000005,3467219.9999999995,3848922.0000000005,4208963,4868744,5287022.999999999,5727941.999999999,6084233.999999999,6606327.999999999,6769579,6966324.000000001,7185992,7496987.999999999
446000,"China, Macao SAR",196473.00000000006,189458.00000000003,167795.00000000003,203224,246192.99999999997,241631,238084.99999999997,283490.00000000006,343815.99999999994,385517.00000000006,427772.00000000006,482863,538215,602093.0000000001,649342.0000000001
158000,"China, Taiwan Province of China",7602355,9189971.999999998,10876146.999999998,12901153.999999998,14924462.000000004,16464929.000000004,17905459.000000004,19303402,20478515.999999996,21356025,21966528,22705719.000000004,23187556.000000004,23557473,23816775
408000,Dem. People's Rep. of Korea,10549470,10086997,11424189.000000002,12547523.999999998,14410390.999999998,16274736.999999998,17472144,18877226.000000004,20293057,21862300.000000004,22929078,23904167,24548840.000000004,25183832.000000004,25778815
392000,Japan,82802084,89018254.99999999,93673612,98447007.00000001,104929260.00000001,112413362,117816941.99999999,121883483,124505242.99999999,126365486,127524168,128326114.99999999,128542349,127985139,126476457.99999999
496000,Mongolia,780199.0000000001,855098.9999999999,955513.9999999999,1107120.9999999998,1278818.9999999998,1479646.0000000002,1689622.0000000002,1921889.0000000002,2184139,2298017.0000000005,2397417.0000000005,2526428.9999999995,2719902,2998432.999999999,3278291.9999999995
410000,Republic of Korea,19211387.000000004,21514564,25329520.999999996,28895557,32195679,35378657,38045604.99999999,40804406,42918416,45292521,47379236.99999999,48701068.99999999,49545638.00000001,50823087.000000015,51269182.99999999
920000,South-Eastern Asia,165134100,186641854,214013990.99999997,245994253.00000003,281417675.00000006,319410873,357641674.0000001,400747752.99999994,444464193.9999999,485655311,525007924.99999994,561156080.9999999,596947246,634305699,668619853.9999999
96000,Brunei Darussalam,48009,63366.99999999999,81707.00000000003,102390,129530,161635,193880.00000000006,224440,258714,297111.9999999999,333166.00000000006,365112,388634,414914,437482.99999999994
116000,Cambodia,4432724,5045283,5722371.999999999,6467191.000000001,6996576.000000001,7524456.999999998,6693758.999999999,7714893.999999999,8975597.000000002,10656145,12155241.000000002,13273355,14312205.000000002,15521434.999999998,16718971.000000002
360000,Indonesia,69543320.99999999,77273427,87751065.99999999,100267069.99999999,114793179,130680730.00000001,147447834.00000003,164982452,181413398.00000006,196934256.99999997,211513822.00000003,226289468,241834226,258383256.99999997,273523621.00000006
418000,Lao People's Dem. Republic,1682915,1890849.9999999998,2120892,2382585.9999999995,2688429,3051583,3258149,3687889,4258471,4846476.999999999,5323701.000000001,5751675,6249168,6741160.000000001,7275556
458000,Malaysia,6109902,7038910,8156342.000000001,9526558,10804131,12162189,13798094.000000002,15598924,18029824,20487604,23194251.999999996,25690614.999999996,28208028,30270964.999999996,32365998
104000,Myanmar,17779634.999999996,19550067,21736946.999999996,24259356,27269063.000000004,30611092.999999993,34224316.00000001,37977087,41335188.00000001,43901598,46719698.00000001,48949931.000000015,50600826.99999999,52680724,54409794
608000,Philippines,18580482.999999996,22177060.000000004,26269741,30909997.00000001,35803591,41285741,47357741.00000001,54275836.00000001,61895168.99999999,69784087,77991757.00000001,86326251,93966783.99999999,102113206,109581084.99999999
702000,Singapore,1022095,1305102.9999999995,1633133,1877826,2072283.9999999995,2259721,2411690,2705537.0000000005,3012968,3525963.9999999995,4028871.9999999995,4265693,5131170.000000001,5592143,5850342.999999999
764000,Thailand,20710353.000000004,23711121.999999996,27397208.000000004,31822656.000000004,36884525.00000001,42326307.00000001,47374463,52026901,56558196,59467272,62952639,65416189,67195032,68714519,69799978
626000,Timor-Leste,414754.00000000006,439223,474534.99999999994,519675.99999999994,571564.9999999999,629227.0000000001,599906.9999999999,657060.9999999999,737814,844333.0000000001,884365.9999999998,995130,1093517.0000000002,1196293.9999999998,1318441.9999999998
704000,Viet Nam,24809909,28147442.000000004,32670048,37858947.00000001,43404802.00000001,48718189.999999985,54281840.99999999,60896732,67988855,74910462.00000001,79910411,83832662,87967655,92677082,97338583.00000001
915000,Caribbean,17079833.999999996,18747714.999999996,20667481,23009852.000000004,25201317.000000004,27513666.999999993,29645559,31775147.000000004,34058199,36162183.999999985,38102081,39745797.00000001,41217340,42622280,43532374
28000,Antigua and Barbuda,45515,49648.00000000001,54132,58698.99999999999,64184.000000000015,62670.99999999999,61861,61785,62533.00000000001,68672.00000000003,76007,81462,88030,93571,97928.00000000001
533000,Aruba,38052.00000000001,43721,54207.99999999999,57357,59069.99999999999,60653.00000000001,60096.99999999999,63023.99999999999,62152,80324,90865.99999999999,100027.99999999999,101664.99999999999,104339,106765.99999999997
44000,Bahamas,79089.99999999997,88628,109532.00000000003,140060,169376.00000000003,188895.00000000003,210589,234579,256226.99999999997,280179.0000000001,298044.99999999994,324847.99999999994,354936.0000000001,374199.99999999994,393247.99999999994
52000,Barbados,210990,227131.99999999997,230985,235415.00000000003,238894.99999999994,246158.00000000003,252388,256259.99999999994,260933,265955.00000000006,271511.00000000006,276320.00000000006,282131,285327,287371
192000,Cuba,5919988.999999999,6539463,7141241,7958170.999999999,8712535.000000004,9446441,9849456.999999998,10097910.000000002,10596985.999999996,10888246.000000004,11126422.999999998,11261586,11225833.000000002,11324777.000000002,11326616.000000002
531000,Curacao,100180.99999999999,116922,126941.00000000001,133879.00000000003,143639,150261.00000000003,147996.99999999997,150375,146679.00000000003,143880,132147,130136,149188,159849.99999999997,164100.00000000003
214000,Dominican Republic,2364649.0000000005,2781338.0000000005,3294221.9999999995,3877767.9999999995,4499722,5144632.000000001,5803929.000000002,6464228.999999999,7133491,7819239,8471317.000000002,9097261.999999998,9695116.999999998,10281675.000000002,10847904.000000002
308000,Grenada,76681,81102,89926.99999999999,94634.00000000001,94475.99999999997,92494,89032.00000000001,99952.99999999997,96328.00000000003,100286,102836.99999999999,104658.00000000001,106227,109603.00000000001,112519
312000,Guadeloupe,209998.99999999997,236054.00000000003,275172.99999999994,300058,321886.99999999994,328489,336683,342736.99999999994,389251,403731,422048.0000000001,402902.99999999994,406073,400259.99999999994,400127.00000000006
332000,Haiti,3221270.0000000005,3514069.0000000005,3866162.0000000005,4258734,4676237,5094570,5643175.000000001,6337275,7037915.000000001,7744509.000000002,8463802.000000002,9195289,9949318,10695540.000000002,11402533.000000004
388000,Jamaica,1402902.9999999998,1540957,1628523.9999999998,1756507.9999999998,1875637.0000000002,2028019.0000000002,2162839,2335510,2419901,2533704.999999999,2654698,2740000.0000000005,2810464.000000001,2891023.9999999995,2961161
474000,Martinique,222003,245682.00000000003,281626.00000000006,311121.99999999994,325014,327837,325448.00000000006,339881,358457,368728,387016.00000000006,397191.00000000006,394665.99999999994,378483,375264.9999999999
630000,Puerto Rico,2218004.999999999,2195520.9999999995,2294971,2507537,2631700,2844925,3090687.9999999995,3263173,3403167.9999999995,3567691,3668955.000000001,3631885,3579841.999999999,3381512,2860840
662000,Saint Lucia,82782.99999999999,86470.00000000001,89698.00000000001,96137.99999999999,104015.99999999997,109633.99999999999,117828.00000000001,126246.00000000001,138018.99999999994,146871.00000000003,156737,163408.00000000003,174092,179131.00000000003,183629.00000000003
670000,St. Vincent and the Grenadines,66997,73549.99999999999,80970,86008.99999999999,90501.00000000001,95664.99999999999,100566,104503.00000000001,107489,108043,107786.99999999997,108617,108259.99999999999,109134.99999999999,110947
780000,Trinidad and Tobago,645625.9999999999,739703.0000000002,847973.0000000001,911742,945357,1010934,1084743,1170296.0000000002,1221120.9999999998,1254199.9999999998,1267159,1296496.9999999998,1328143.9999999998,1370331.9999999998,1399490.9999999995
850000,United States Virgin Islands,26792,29669,33136.99999999999,50225.99999999999,64723.000000000015,86470,99089,105279.00000000001,103755,107388,108729.99999999999,107800.99999999999,106086.00000000001,104949.99999999999,104423.00000000001
916000,Central America,37975498.99999999,43859272.99999999,51116559.00000001,59622904.00000001,69400464,80129061.99999999,91092356.00000001,102296696,113383701.99999999,124553726,135322351.00000003,145950548.99999994,157591310,168949156,179670186
84000,Belize,68915,79866.99999999999,92068.00000000001,106120,122184.00000000003,133264,144142.00000000006,164918,187553.99999999997,206961.99999999997,247310,283798,322465.00000000006,360926.00000000006,397621.00000000006
188000,Costa Rica,945683.0000000001,1110087.9999999998,1330786.9999999998,1592833.9999999998,1847394,2094185.9999999998,2389973,2736718.9999999995,3119436.0000000005,3545523.9999999995,3962368.9999999995,4285503.999999999,4577371.000000001,4847805,5094114
222000,El Salvador,2199902.9999999995,2432876.9999999995,2766318.9999999995,3201310.0000000005,3673066,4154688.9999999995,4591135,4936803.000000001,5270074,5628602.000000001,5887929.999999999,6052124.000000001,6183877,6325121.000000001,6486201
320000,Guatemala,3114955.9999999995,3625304.9999999995,4210751,4869714.000000001,5621794.000000001,6433723,7283456,8240059.999999999,9263820,10408485.999999996,11650743.999999998,13096027.999999998,14630420.000000002,16252425,17915566.999999996
340000,Honduras,1546719,1771356.9999999995,2038636,2346005,2716651.9999999995,3153252.0000000005,3678274.0000000005,4281167,4955302,5709010,6574510,7458982,8317467.000000001,9112904,9904608
484000,Mexico,27944671.000000007,32350593,37771861,44123863,51493564.99999999,59607947,67761367,75983486,83943135.00000001,91663290.00000001,98899845,106005199.00000001,114092961,121858250.99999996,128932753
558000,Nicaragua,1294993.9999999998,1508103,1773132,2068379,2406523,2806859,3265520,3734343,4173434.9999999995,4652185.000000001,5069309.999999999,5438691.999999999,5824058,6223233.999999999,6624553.999999999
591000,Panama,859658,981083.0000000001,1133005,1314678.9999999998,1519286.0000000002,1745141.9999999998,1978488.9999999998,2219200.0000000005,2470946,2739667,3030333.0000000005,3330221.9999999995,3642691,3968490.0000000005,4314768
931000,South America,113765191.00000001,130120237,148685683.99999997,169823171,192073924.00000006,215134418.00000003,240515266,267951819.00000003,295398177,322302316,348411890,371804635,392543695.00000006,412362690,430759772
32000,Argentina,17037910,18789415,20481781.000000004,22159644.000000007,23880563.999999996,25865774.999999996,27896532,30216284,32618648.000000007,34828168.00000001,36870795.99999999,38892924.000000015,40895751,43075416.000000015,45195777
68000,Bolivia (Plurinational State of),3081836.0000000005,3331035.9999999995,3656961.0000000005,4038865,4484004.000000001,5001413,5579932.000000001,6179460.000000001,6864839,7622334.000000001,8418270,9232301,10048597.000000002,10869732,11673029
76000,Brazil,53974728,62533920,72179235.00000001,83373533,95113265.00000001,107216209,120694011.99999999,135274082.99999997,149003224.99999997,162019889,174790338.9999999,186127108,195713637.00000003,204471759.00000003,212559409
152000,Chile,6598517.999999999,7322654.999999999,8132987.999999999,8989607,9783134.000000002,10592309.999999998,11419350.000000002,12257238,13274616.999999998,14380864.000000002,15342349.999999998,16182713,17062531.000000004,17969356,19116208.999999996
170000,Colombia,11981576,13774999.000000004,16057714,18725242,21480064.000000004,24065502.000000004,26900507.999999996,29951194,33102569.000000004,36421437.99999999,39629965,42647730.99999999,45222699,47520667,50882884
218000,Ecuador,3470160,3956625.0000000005,4543658.000000001,5243980.000000001,6069374.999999998,6994330.999999999,7989177.999999998,9066099.999999998,10230931,11455205,12681123,13825839,15011114,16212022,17643060
254000,French Guiana,25484,28493,32032.000000000004,38893,47932,56224.00000000001,66973.00000000001,86435,115783.99999999999,137399.99999999997,163163,202973,232996.00000000003,261008.00000000003,298681.99999999994
328000,Guyana,406558.9999999999,482562,571812.9999999999,651865,704929.9999999999,745847,780153,770439.0000000001,743305.9999999998,761298,746718.0000000001,746156,749430.0000000001,767433,786559
600000,Paraguay,1473240.9999999998,1673667,1903990.0000000002,2172308.9999999995,2474756.9999999995,2791236,3181627,3676206,4223413,4776838.000000002,5323202.000000001,5824095,6248017.000000002,6688745.999999999,7132529.999999999
604000,Peru,7777451.999999999,8858392,10155010.999999998,11711401.999999998,13459788.999999998,15424745.000000002,17547612,19772871,22071433.000000004,24299167.999999996,26459944,27866140.000000004,29027679.999999993,30470739,32971846.000000004
740000,Suriname,214995.99999999997,249002,287870.00000000006,328938.99999999994,367926.00000000006,359234.00000000006,359531.00000000006,368635.99999999994,405169,441850.9999999999,470943.99999999994,499461,529126,559136,586633.9999999999
858000,Uruguay,2238501,2372564.0000000005,2538648,2694537,2809799.000000001,2830172.0000000005,2915389,3011519,3109598,3224274.9999999995,3319734,3321799,3359273,3412013,3473727
862000,Venezuela (Bolivarian Republic of),5481975.999999999,6744704,8141839,9692280.999999998,11396395.999999998,13189511,15182616.000000002,17319513.000000007,19632664.999999996,21931087,24192449,26432444.999999993,28439942,30081827.000000004,28435943
36000,Australia,8177348.000000001,9165700,10242070,11313185.999999998,12793029.999999998,13773289.999999998,14588399.999999998,15663672,16960600,17993083,18991434,20178543.000000004,22154686.999999996,23932498.999999996,25499881
554000,New Zealand,1908010.9999999998,2136388,2372599.0000000005,2626649.0000000005,2818390.9999999995,3082621.9999999995,3146609.9999999995,3268234.0000000005,3398175.0000000005,3674940,3858992,4135353,4370059.999999999,4614527,4822232.999999999
928000,Melanesia,2493452.9999999995,2646013.999999999,2908933,3251670,3654630,4140103.000000001,4697809.999999999,5349553.000000001,5973197,6683224,7473492.999999998,8232149.000000001,9187934.000000002,10121727,11122989.999999998
242000,Fiji,288994,335096,393480,463959.9999999999,520561.00000000006,576626,635311.9999999999,711770.0000000001,728575,775428,811011,821605.9999999998,859815.9999999999,868631.9999999999,896443.9999999999
540000,New Caledonia,64823.00000000001,67743,78059,91194,105322.99999999999,130269,145141,155984.99999999997,170334.99999999997,193296.00000000006,217263.00000000003,236441.00000000003,253529,271062,285491
598000,Papua New Guinea,2002146.9999999995,2086253.0000000002,2255858,2485433,2783132.0000000005,3139943.9999999995,3571209.0000000005,4081022,4615843,5187063,5847589.999999998,6494902.000000002,7310511.999999999,8107772.000000001,8947027.000000002
90000,Solomon Islands,89793.00000000001,102000.99999999997,117846.99999999999,136815,160240,193401,230550,270787.00000000006,311869,359275.99999999994,412665,469918,527860.9999999999,603133,686877.9999999999
548000,Vanuatu,47696,54921,63689,74268,85374,99863,115598.00000000001,129989,146575,168161,184964,209281.99999999997,236216,271128.00000000006,307150
954000,Micronesia,155570,171104,191239,218650,248182.00000000003,272159,303502,355291,416764,454919.99999999994,484779.0000000001,498295.99999999994,503580.00000000006,522926.00000000006,548927.0000000001
316000,Guam,59653.00000000001,62647.00000000001,66732.99999999999,74828,83875.00000000001,93351,104134,116576.00000000003,130480.00000000001,145558.99999999997,155322.99999999997,158406.00000000006,159439.00000000003,161851,168783.00000000003
296000,Kiribati,33050.00000000001,36566,41196,46429.00000000001,51142.00000000001,55113.99999999999,59296.00000000001,63989.00000000001,72393.99999999999,77716.00000000001,84405,92319,102930,110926.99999999999,119446
583000,Micronesia (Fed. States of),32003.999999999996,37879.99999999999,44509.99999999999,52223.99999999999,61415.00000000001,63121.999999999985,72936,85640.99999999999,96303.99999999999,107535.00000000001,107405,106135.00000000001,102916.00000000003,108886,115021.00000000003
957000,Polynesia,241512.99999999997,273484,306791,358539,407991.99999999994,442101.00000000006,475762,514290.99999999994,549958.0000000001,583462,616389,645872.0000000001,656807.9999999999,667013.9999999999,683777.9999999999
258000,French Polynesia,60269.99999999999,68847.00000000001,78080.00000000001,93442,110490.00000000001,131229,153298,177024.00000000006,199906,218064.00000000006,240681,258780.00000000003,266449,273119,280904
882000,Samoa,82106,94186.00000000001,108627.00000000001,127054.99999999999,143146.00000000003,151353,155522,159995,162796.99999999997,170050,174453.99999999997,179722.00000000003,185944,193510,198409.99999999997
776000,Tonga,47217,55323.00000000001,61574.00000000001,74348.00000000001,84344,88321,92966.00000000001,93896,95069.00000000001,95972.00000000001,97961.99999999999,100908,103981,100779.99999999999,105697.00000000003
923000,Eastern Europe,220170508.00000003,237069843.00000003,253510721.00000006,266938299,276164934,285377377.00000006,294734201,303239024,309808642.0000001,309435123.99999994,303918405,297500556.0000001,294872866.99999994,294390750,293013209.99999994
112000,Belarus,7745003.999999999,7747214.999999999,8124881.000000001,8505724.000000002,8913549,9252779.999999998,9569847,9901492.999999998,10151134.999999998,10077606,9871634.999999998,9562083.000000002,9420576,9439424.000000002,9449321
100000,Bulgaria,7250996.000000001,7561487,7885607,8222588,8507541,8738386.000000002,8878787,8975352.999999998,8841465.999999996,8379304.999999998,7997951.000000001,7686964.000000001,7425011,7199739,6948445.000000001
203000,Czechia,8902619.999999998,9361778.000000002,9590178,9811375,9817667.000000002,10069960,10349084,10331143.999999998,10340876.999999996,10358190,10289374,10258165.000000002,10536514.000000004,10601390,10708982.000000004
348000,Hungary,9337717.999999996,9828498.000000002,10000988.999999998,10169802,10366099.000000002,10526777.000000002,10754286,10566321,10377134.999999998,10349307.999999998,10220509.000000002,10085942,9927380.000000002,9777925,9660349.999999998
616000,Poland,24824006.999999996,27269742.000000007,29614200.999999996,31360903,32639261.999999993,33970730,35539723,37133860,37960193,38458642.00000001,38556699,38368956.99999999,38329784,38034076,37846604.99999999
498000,Republic of Moldova,2341009,2627008,3004446.0000000005,3336593.000000001,3595549,3840046,4011085,4216244.000000001,4365562,4340602,4202659,4159296.0000000005,4086090,4070704.999999999,4033962.9999999995
642000,Romania,16236289,17483934.999999996,18613945.000000004,19379574.999999996,20548912.000000004,21665640.000000007,22615644,23071258,23489156.000000004,22964747,22137423,21417287,20471860,19925182,19237682
643000,Russian Federation,102798649,111355301,119871700,126503741,130148650,133804859,138053142.99999997,142957289.00000003,147531562.00000003,148227471.00000003,146404889.99999997,143672125,143479273.00000003,144985059,145934459.99999997
703000,Slovakia,3436576,3815395.9999999995,4140127.9999999995,4383445.999999999,4538843.000000001,4752537,4996730,5166787,5288455,5375470.000000001,5399207,5398962,5404293,5435614,5459643
804000,Ukraine,37297640,40019482.99999999,42664646,45264551.99999999,47088862.00000001,48755662.000000015,49965872,50919275,51463101,50903783,48838058.00000001,46890774.99999999,45792085.99999999,44921636,43733759
924000,Northern Europe,78007080.00000001,79447023,81727075,84781500,87251322,88911995,89798441,90611323,92036272.99999999,93176744,94454223,96307369.99999999,100398301,103518956,106261270.99999999
830000,Channel Islands,102235.00000000001,105608,109419.00000000001,114988.99999999999,121200,126419.99999999999,128204.00000000001,133800,140677.00000000003,143480.0000000001,148439,151673.99999999997,159718.00000000003,165387.00000000003,173858.99999999997
208000,Denmark,4268281,4440779,4581099,4760461.000000001,4931239,5062731,5123945.000000002,5114250.000000001,5141117,5232708.999999999,5341192,5421700.999999999,5554849,5688695,5792203.000000001
233000,Estonia,1100997,1159233.0000000002,1216820.0000000002,1290406.0000000002,1360206.0000000002,1422052.0000000002,1474437.9999999995,1522404.9999999998,1565245.9999999998,1433026,1399111,1355650,1332103,1315329.9999999998,1326539.0000000002
246000,Finland,4008292.0000000005,4238273.999999999,4434593.000000001,4568604,4612365.000000002,4718743.999999999,4788246.999999999,4911219.999999999,4996220,5119012.000000001,5187952.999999999,5258932.999999999,5365784,5481128.000000001,5540718.000000001
352000,Iceland,142656.99999999997,157641,175584,192315.00000000006,204423,218078.99999999994,228256,241587,255043.99999999997,267627.00000000006,280439.00000000006,294976,320342.00000000006,330237.00000000006,341250
372000,Ireland,2912682,2873410.0000000005,2791390.0000000005,2823644,2908430.0000000005,3137181,3384760,3510977.9999999995,3510880.9999999995,3592180.0000000014,3783095.0000000005,4141218.000000001,4554330,4652420,4937796
428000,Latvia,1926568,2001569.9999999998,2129584.0000000005,2266938,2378022,2469439.0000000005,2521381.0000000005,2580763,2664447,2508476,2384149.999999999,2251996,2118855,1997674.9999999998,1886202.0000000002
440000,Lithuania,2567407,2628751.9999999995,2769879.0000000005,2966165,3136584.9999999995,3298883.0000000005,3430759.9999999995,3562399.000000001,3696035.0000000005,3626609.0000000005,3501841.9999999995,3344259,3123825,2931872.0000000005,2722291
578000,Norway,3265274.0000000005,3430334.9999999995,3582508.0000000005,3724456.9999999995,3876049.0000000005,4008026,4086069.9999999995,4153111.000000001,4247286,4366996.000000001,4499375,4632359.000000001,4885878.000000001,5199826.999999999,5421241.999999999
752000,Sweden,7009913,7262625,7482536,7745678.000000002,8054909,8197341.000000002,8316330.999999998,8357650.000000002,8567375,8836421,8881642,9038627,9390157.000000004,9764949,10099270.000000002
826000,United Kingdom,50616018.999999985,51063907,52370595,54240855.00000001,55573455,56152324.99999999,56209164.00000001,56413555.00000001,57134377.000000015,57932450,58923305.00000001,60287953.00000001,63459800.99999999,65860149.00000001,67886003.99999999
925000,Southern Europe,108737286,113365958,117760615.00000003,122876334.99999999,127475179,133229270.00000001,138555094.00000003,141883583.99999997,143503834.00000003,144332477.00000003,144846713,149676168,153015517.99999997,153064873.00000003,152215243.00000003
8000,Albania,1263163.9999999998,1419991,1636091,1896175.0000000002,2150703.9999999995,2411733,2682697,2969671.0000000005,3286069.9999999995,3112923,3129245.999999999,3086810.0000000005,2948028.9999999995,2890524,2877800
70000,Bosnia and Herzegovina,2661296,2936300,3225663.9999999995,3535631.999999999,3760536,3985107.000000001,4179849.9999999995,4392135,4463421.999999999,3829049.000000001,3751176,3765332,3705478,3429361.999999999,3280814.9999999995
191000,Croatia,3850294,4030419.999999999,4192641.0000000005,4328928,4423069,4500870.999999999,4598125,4716123,4776370,4616762.999999999,4428075.000000001,4378066.000000001,4328162.999999999,4232874.000000001,4105268
300000,Greece,7668792,8011131.999999999,8273627.999999999,8453819,8663568,9014091,9627003.999999998,9968233.000000002,10225990,10745502,11082103,11224800,10887640.000000004,10659737.000000004,10423056
380000,Italy,46598599.00000001,48335577,49699947,51677246.99999999,53518966,55265280.00000001,56349352,56936776,57048237,57174412,56692178,58281209,59325232,60578488.99999999,60461827.99999999
470000,Malta,311998.00000000006,313523,312972.99999999994,322238.00000000006,320548,322358,331494,346253.99999999994,362017.00000000006,376893.00000000006,393649,404659,414257,433558.99999999994,441538.99999999994
499000,Montenegro,394739.00000000006,443796.00000000006,487415.9999999999,533821,519702,554258.9999999999,580757.0000000001,614011,615004,620418.9999999999,613558,616387.9999999999,624278.9999999998,626957,628061.9999999999
807000,North Macedonia,1254444,1392460.9999999998,1488669.9999999995,1592437,1720805.0000000002,1803007.9999999998,1924203,1981535.9999999995,1996217.9999999998,1983258.9999999998,2034822.9999999998,2060279.9999999998,2070737,2079335,2083380
620000,Portugal,8416971,8625537.999999998,8844637.999999998,8862277.000000002,8651334.000000002,9172239.999999998,9750966,9929176.000000002,9895358.000000002,10091322.000000002,10297117.000000002,10508494.000000002,10596055,10368346.000000002,10196706.999999998
688000,Serbia,6732251.999999999,7234916.999999999,7556732,7835085.000000001,8119865.000000001,8497172,8908295,9253396,9517677,9884145,9487612.000000002,9193818.000000002,8991258.000000002,8876777,8737369.999999998
705000,Slovenia,1473093,1527207.0000000002,1586628.0000000002,1629439,1669584.0000000002,1742621,1835842.0000000002,1945128.9999999998,2006404.0000000002,1991125.9999999998,1987710,1994979.0000000002,2043336,2071199,2078932.0000000007
724000,Spain,28069733.999999996,29048392,30402413,32146255,33883748.99999999,35879209.99999999,37698200.00000001,38733866.00000001,39202524.00000001,39787413,40824745.00000001,44019117.999999985,46931011,46671919,46754783.00000001
926000,Western Europe,142413985.00000003,146795940,152408555,160187056.99999997,166027935,169376815,170478780.00000003,171850255,175509661.99999997,180050088,182338687,185803786.99999997,188126311.99999997,192084398.99999997,196146321.00000006
40000,Austria,6936441.999999999,6953404,7070773.000000001,7305154.000000001,7516238,7637686,7609749.999999999,7614874,7723954.000000002,7990112.999999999,8069276,8253655.999999999,8409945,8678667,9006400.000000002
56000,Belgium,8637521,8887274.999999998,9167361,9443948.000000002,9632178.999999998,9771581.999999998,9868999,9916577.000000002,10006545,10186304,10282046,10546885.000000002,10938735,11287931,11589615.999999998
250000,France,41833872.99999999,43411377,45673147,48746653.00000001,50763920.99999999,52688574.99999999,53868005.99999999,55254838,56666861.000000015,57801887,59015091.99999999,61120128,62879534.99999999,64453193.999999985,65273511.99999999
276000,Germany,69966251.99999999,71537454,73414228.99999999,76258034.00000001,78578380.99999997,78856031.00000001,78283101,77691591.00000001,79053984,81138652.99999999,81400883.00000001,81602739,80827000.99999999,81787411.00000001,83783945
442000,Luxembourg,296005,305261.99999999994,314585.00000000006,330159.99999999994,339672,353984,364048,366882.00000000006,381780,408145,436106.0000000001,457847.99999999994,507890,566741,625976.0000000001
528000,Netherlands,10042051,10709621,11448814.999999998,12248332.999999998,13001941.000000002,13683287,14148409.999999996,14513946.999999996,14965442,15467852,15926188,16367153.000000002,16682927.000000004,16938492,17134873
756000,Switzerland,4668089.000000001,4957070.000000001,5280683,5812844.000000001,6150848,6337031.000000001,6283833.000000001,6435424.000000001,6652873.000000001,6995519,7143764.000000001,7386818.000000001,7808674.000000001,8296774.999999998,8654618
124000,Canada,13733398.000000002,15673764,17847403.999999996,19627973,21374326,23059266.000000007,24416885,25744806.999999996,27541323.000000004,29164153,30588379,32164313.000000004,34147566,36026668,37742156.99999999
840000,United States of America,158804397.00000006,171685337.00000003,186720570,199733679.00000006,209513339.99999997,219081250.00000006,229476360.00000003,240499822,252120308.99999994,265163741.00000003,281710914,294993509,309011469.00000006,320878312,331002647
